{
  "pages/errors/404": "{{#partial \"page\"}}\n\n{{> components/common/breadcrumbs breadcrumbs=breadcrumbs}}\n\n<div class=\"page\">\n    <section class=\"page-content page-content--centered\">\n        <h1 class=\"page-heading\">{{lang 'page_not_found.page_heading'}}</h1>\n        <p class=\"u-textAlignCenter\">\n            {{lang 'page_not_found.message'}}\n        </p>\n\n        {{> components/common/search-box}}\n    </section>\n</div>\n\n{{/partial}}\n{{> layout/base}}\n",
  "components/common/breadcrumbs": "<nav aria-label=\"Breadcrumb\">\n    <ol class=\"breadcrumbs\">\n        {{#unless theme_settings.hide_breadcrumbs }}\n            {{#each breadcrumbs}}\n                <li class=\"breadcrumb {{#if @last}}is-active{{/if}}\">\n                    <a class=\"breadcrumb-label\"\n                       href=\"{{url}}\"\n                       {{#if @last}}aria-current=\"page\"{{/if}}\n                    >\n                        <span>{{name}}</span>\n                    </a>\n                </li>\n            {{/each}}\n        {{/unless}}\n    </ol>\n</nav>\n\n<script type=\"application/ld+json\">\n{\n    \"@context\": \"https://schema.org\",\n    \"@type\": \"BreadcrumbList\",\n    \"itemListElement\":\n    [\n        {{#each breadcrumbs}}\n        {\n            \"@type\": \"ListItem\",\n            \"position\": {{add @index 1}},\n            \"item\": {\n                \"@id\": {{{JSONstringify url}}},\n                \"name\": {{{JSONstringify name}}}\n            }\n        }{{#unless @last}},{{/unless}}\n        {{/each}}\n    ]\n}\n</script>\n",
  "components/common/search-box": "<form class=\"form\"  action=\"{{urls.search}}\">\n    <fieldset class=\"form-fieldset\">\n        <div class=\"form-field\">\n            <label class=\"form-label is-srOnly\" for=\"search_query_adv\">{{lang 'search.results.form_label'}}</label>\n            <div class=\"form-prefixPostfix wrap\">\n                <input class=\"form-input\" id=\"search_query_adv\" name=\"search_query_adv\" value=\"{{forms.search.query}}\">\n                <input class=\"button button--primary form-prefixPostfix-button--postfix\" type=\"submit\" value=\"{{lang 'search.results.form_button_text'}}\">\n            </div>\n        </div>\n    </fieldset>\n</form>\n",
  "layout/base": "<!DOCTYPE html>\n<html class=\"no-js\" lang=\"{{ locale_name }}\">\n\n<head>\n    <title>{{ head.title }}</title>\n    {{{ resourceHints }}}\n    {{{ head.meta_tags }}}\n    {{{ head.config }}}\n    {{#block \"head\"}} {{/block}}\n\n    <link href=\"{{ head.favicon }}\" rel=\"shortcut icon\">\n    <meta name=\"viewport\" content=\"width=device-width, initial-scale=1\">\n\n    <script>\n        { { !--Change document class from no - js to js so we can detect this in css-- } }\n        document.documentElement.className = document.documentElement.className.replace('no-js', 'js');\n    </script>\n\n    <style type=\"text/css\" media=\"screen, print\">\n        @font-face {\n            font-family: \"MyFont\";\n            src: url(\"{{cdn 'webdav:MyFontFile.eot'}}\");\n            /* IE9 Compat Modes */\n            src: url(\"{{cdn 'webdav:MyFontFile.eot?#iefix'}}\"),\n            /* IE6-IE8 */\n            url(\"{{cdn 'webdav:MyFontFile.woff2'}}\"),\n            /* Super Modern Browsers */\n            url(\"{{cdn 'webdav:MyFontFile.woff'}}\"),\n            /* Pretty Modern Browsers */\n            url(\"{{cdn 'webdav:MyFontFile.svg#svgFontName'}}\");\n            /* Legacy iOS */\n        }\n    </style>\n\n\n    {{> components/common/polyfill-script }}\n    <script>window.consentManagerTranslations = `{{{langJson 'consent_manager'}}}`;</script>\n\n    {{!-- Load Lazysizes script ASAP so images will appear --}}\n    <script>\n        { { !--Only load visible elements until the onload event fires, after which preload nearby elements. -- } }\n        window.lazySizesConfig = window.lazySizesConfig || {};\n        window.lazySizesConfig.loadMode = 1;\n    </script>\n    <script async src=\"{{cdn 'assets/dist/theme-bundle.head_async.js'}}\"></script>\n\n    <script src=\"https://kit.fontawesome.com/0d1063cf1c.js\" crossorigin=\"anonymous\"></script>\n\n    {{getFontsCollection font-display='block'}}\n\n    <link rel=\"preload\" href=\"{{cdn 'assets/dist/theme-bundle.font.js'}}\" as=\"script\">\n    <script async src=\"{{cdn 'assets/dist/theme-bundle.font.js'}}\"></script>\n\n    {{{stylesheet '/assets/css/theme.css'}}}\n\n    {{{head.scripts}}}\n\n    {{~inject 'zoomSize' theme_settings.zoom_size}}\n    {{~inject 'productSize' theme_settings.product_size}}\n    {{~inject 'genericError' (lang 'common.generic_error')}}\n    {{~inject 'urls' urls}}\n    {{~inject 'secureBaseUrl' settings.secure_base_url}}\n    {{~inject 'cartId' cart_id}}\n    {{~inject 'template' template}}\n    {{~inject 'validationDictionaryJSON' (langJson 'validation_messages')}}\n    {{~inject 'validationFallbackDictionaryJSON' (langJson 'validation_fallback_messages')}}\n    {{~inject 'validationDefaultDictionaryJSON' (langJson 'validation_default_messages')}}\n    {{~inject 'carouselArrowAndDotAriaLabel' (lang 'carousel.arrow_and_dot_aria_label')}}\n    {{~inject 'carouselActiveDotAriaLabel' (lang 'carousel.active_dot_aria_label')}}\n    {{~inject 'carouselContentAnnounceMessage' (lang 'carousel.content_announce_message')}}\n\n    {{!-- Get this loading ASAP --}}\n    <link rel=\"preload\" href=\"{{cdn 'assets/dist/theme-bundle.main.js'}}\" as=\"script\">\n</head>\n\n<body>\n    <svg data-src=\"{{cdn 'img/icon-sprite.svg'}}\" class=\"icons-svg-sprite\"></svg>\n\n    {{> components/common/header }}\n    {{> components/common/body }}\n    {{> components/common/footer }}\n\n    <script>window.__webpack_public_path__ = \"{{cdn 'assets/dist/'}}\";</script>\n    <script>\n        { { !--Exported in app.js-- } }\n        function onThemeBundleMain() {\n            window.stencilBootstrap(\"{{page_type}}\", {{ jsContext }}).load();\n            }\n    </script>\n    <script async defer src=\"{{cdn 'assets/dist/theme-bundle.main.js'}}\" onload=\"onThemeBundleMain()\"></script>\n\n    {{{footer.scripts}}}\n</body>\n\n</html>",
  "components/common/header": "<a href=\"#main-content\" class=\"skip-to-main-link\">{{lang 'header.skip_to_main'}}</a>\n{{#if banners.top}}\n<div class=\"banners\" data-banner-location=\"top\">\n    {{#each (limit banners.top_metadata 1)}}\n    <div class=\"banner\" data-event-type=\"promotion\" data-entity-id=\"{{this.id}}\" data-name=\"{{this.banner-name}}\"\n        data-position=\"{{this.location}}\" data-banner-id=\"{{this.banner-name}}\">\n        <div data-event-type=\"promotion-click\">\n            {{{this.content}}}\n        </div>\n    </div>\n    {{/each}}\n</div>\n{{/if}}\n<header class=\"header\" role=\"banner\">\n    <a href=\"#\" class=\"mobileMenu-toggle\" data-mobile-menu-toggle=\"menu\">\n        <span class=\"mobileMenu-toggleIcon\">Toggle menu</span>\n    </a>\n    {{> components/common/navigation}}\n\n    {{#if page_type '===' 'default'}}\n    <h1 class=\"header-logo header-logo--{{theme_settings.logo-position}}\">\n        {{> components/common/store-logo}}\n    </h1>\n    {{else}}\n    <div class=\"header-logo header-logo--{{theme_settings.logo-position}}\">\n        {{> components/common/store-logo}}\n    </div>\n    {{/if}}\n    <div class=\"navPages-container\" id=\"menu\" data-menu>\n        {{> components/common/navigation-menu}}\n    </div>\n    {{{region name=\"header_navigation_bottom--global\"}}}\n</header>\n<!-- <img src=\"https://cdn11.bigcommerce.com/s-mvcgh2itw2/images/stencil/original/image-manager/slider.png?t=1666241412\" alt=\"\"> -->\n{{{region name=\"header_bottom--global\"}}}\n{{{region name=\"header_bottom\"}}}",
  "components/common/polyfill-script": "<script>\n    {{!--\n        Check for modern browser features, and load polyfills if browser does not appear to support features\n        we need.\n\n            Polyfill approach is all or nothing - please import needed polyfills in /assets/js/polyfills.js\n\n        Inspired by https://philipwalton.com/articles/loading-polyfills-only-when-needed/\n            --}}\n    function browserSupportsAllFeatures() {\n        return window.Promise\n            && window.fetch\n            && window.URL\n            && window.URLSearchParams\n            && window.WeakMap\n            // object-fit support\n            && ('objectFit' in document.documentElement.style);\n    }\n\n    function loadScript(src) {\n        var js = document.createElement('script');\n        js.src = src;\n        js.onerror = function () {\n            console.error('Failed to load polyfill script ' + src);\n        };\n        document.head.appendChild(js);\n    }\n\n    if (!browserSupportsAllFeatures()) {\n        loadScript('{{cdn 'assets/dist/theme-bundle.polyfills.js'}}');\n    }\n</script>\n",
  "components/common/body": "<main class=\"body\" id=\"main-content\" role=\"main\" data-currency-code=\"{{currency_selector.active_currency_code}}\">\n    {{#block \"hero\"}} {{/block}}\n    <div class=\"container\">\n        {{#block \"page\"}} {{/block}}\n    </div>\n    {{> components/common/modal/modal}}\n    {{> components/common/alert/alert-modal}}\n</main>\n",
  "components/common/footer": "{{#if banners.bottom}}\n{{#if settings.data_tag_enabled}}\n<div class=\"banners\" data-banner-location=\"bottom\">\n    {{#each (limit banners.bottom_metadata 1)}}\n    <div class=\"banner\" data-event-type=\"promotion\" data-entity-id=\"{{this.id}}\" data-name=\"{{this.banner-name}}\"\n        data-position=\"{{this.location}}\" data-name=\"{{this.banner-name}}\">\n        <div data-event-type=\"promotion-click\">\n            {{{this.content}}}\n        </div>\n    </div>\n    {{/each}}\n</div>\n{{else}}\n<div class=\"banners\" data-banner-location=\"bottom\">\n    <div class=\"banner\">\n        {{{limit banners.bottom 1}}}\n    </div>\n</div>\n\n{{/if}}\n\n{{/if}}\n<footer class=\"footer\" role=\"contentinfo\">\n    <h2 class=\"footer-title-sr-only\">{{lang 'footer.title'}}</h2>\n    <div class=\"container\">\n        {{#if theme_settings.social_icon_placement_bottom '!==' 'bottom_none'}}\n        <article\n            class=\"footer-info-col\n                footer-info-col--social\n                footer-info-col--{{#if theme_settings.social_icon_placement_bottom '===' 'bottom_left'}}left{{else}}right{{/if}}\"\n            data-section-type=\"footer-webPages\">\n            <h3 class=\"footer-info-heading\">{{lang 'social.connect'}}</h3>\n            {{> components/common/social-links}}\n        </article>\n        {{/if}}\n        <section class=\"footer-info\">\n            <article class=\"footer-info-col footer-info-col--small\" data-section-type=\"footer-webPages\">\n                <h3 class=\"footer-info-heading\">{{lang 'footer.navigate'}}</h3>\n                <ul class=\"footer-info-list\">\n                    {{#each pages}}\n                    <li>\n                        <a href=\"{{url}}\">{{name}}</a>\n                    </li>\n                    {{/each}}\n                    <li>\n                        <a href=\"{{urls.sitemap}}\">{{lang 'sitemap.page_title'}}</a>\n                    </li>\n                </ul>\n            </article>\n\n            <article class=\"footer-info-col footer-info-col--small\" data-section-type=\"footer-categories\">\n                <h3 class=\"footer-info-heading\">{{lang 'footer.categories'}}</h3>\n                <ul class=\"footer-info-list\">\n                    {{#each categories}}\n                    <li>\n                        <a href=\"{{url}}\">{{name}}</a>\n                    </li>\n                    {{/each}}\n                </ul>\n            </article>\n\n            {{#and theme_settings.shop_by_brand_show_footer shop_by_brand.length}}\n            <article class=\"footer-info-col footer-info-col--small\" data-section-type=\"footer-brands\">\n                <h3 class=\"footer-info-heading\">{{lang 'footer.brands'}}</h3>\n                <ul class=\"footer-info-list\">\n                    {{#each shop_by_brand}}\n                    <li>\n                        <a href=\"{{url}}\">{{name}}</a>\n                    </li>\n                    {{/each}}\n                    <li><a href=\"{{urls.brands}}\">{{lang 'common.view_all'}}</a></li>\n                </ul>\n            </article>\n            {{/and}}\n\n            {{#if settings.address}}\n            <article class=\"footer-info-col footer-info-col--small\" data-section-type=\"storeInfo\">\n                <h3 class=\"footer-info-heading\">{{lang 'footer.info'}}</h3>\n                <address>{{nl2br settings.address}}</address>\n                {{#if settings.phone_number}}\n                <strong>{{lang 'footer.call_us' phone_number=settings.phone_number}}</strong>\n                {{/if}}\n            </article>\n            {{/if}}\n\n            <article class=\"footer-info-col\" data-section-type=\"newsletterSubscription\">\n                {{#if settings.show_newsletter_box}}\n                {{> components/common/subscription-form}}\n                {{/if}}\n                {{> components/common/payment-icons}}\n            </article>\n        </section>\n        {{#if settings.paypal_commerce_credit_message}}\n        <div class=\"footer-copyright\">\n            <p class=\"paypal-credit\">{{nl2br settings.paypal_commerce_credit_message}}</p>\n        </div>\n        {{/if}}\n        {{#if theme_settings.show_powered_by}}\n        <div class=\"footer-copyright\">\n            <p class=\"powered-by\">{{lang 'footer.powered_by'}} <a\n                    href=\"https://www.bigcommerce.com?utm_source=merchant&amp;utm_medium=poweredbyBC\"\n                    rel=\"nofollow\">BigCommerce</a></p>\n        </div>\n        {{/if}}\n        {{#if theme_settings.show_copyright_footer}}\n        <div class=\"footer-copyright\">\n            <p class=\"powered-by\">&copy; {{moment format=\"YYYY\"}} {{settings.store_name}} </p>\n        </div>\n        {{/if}}\n    </div>\n    {{{region name=\"ssl_site_seal--global\"}}}\n</footer>",
  "components/common/navigation": "<nav class=\"navUser\">\n    {{#or customer (unless theme_settings.restrict_to_login)}}\n    {{> components/common/currency-selector}}\n    {{/or}}\n\n    {{#if customer.store_credit.value '>' 0}}\n    <li class=\"navUser-item\">\n        <a class=\"navUser-action navUser-action--storeCredit\" data-dropdown=\"storeCredit-dropdown\"\n            data-options=\"align:bottom\" href=\"{{urls.cart}}\"\n            aria-label=\"{{lang 'common.store_credit_overview' credit=customer.store_credit.formatted}}\">\n            <span class=\"navUser-action-divider\">\n                {{lang 'common.store_credit_overview' credit=customer.store_credit.formatted}}\n            </span>\n        </a>\n        <div class=\"dropdown-menu\" id=\"storeCredit-dropdown\" data-dropdown-content aria-hidden=\"true\">\n            {{{lang 'common.store_credit' store_credit=customer.store_credit.formatted}}}\n        </div>\n    </li>\n    {{/if}}\n\n    <ul class=\"navUser-section navUser-section--alt\">\n        <!-- <li class=\"navUser-item\">\n            <a class=\"navUser-action navUser-item--compare\" href=\"{{urls.compare}}\" data-compare-nav\n                aria-label=\"{{lang 'common.compare'}}\">\n                {{lang 'common.compare'}} <span class=\"countPill countPill--positive countPill--alt\"></span>\n            </a>\n        </li> -->\n        <!-- {{#if theme_settings.social_icon_placement_top}}\n        <li class=\"navUser-item navUser-item--social\">\n            {{> components/common/social-links}}\n        </li>\n        <li class=\"navUser-item navUser-item--divider\">|</li>\n        {{/if}} -->\n        <!-- <input type=\"text\" id=\"fname\" name=\"fname\" placeholder=\"Search for a Product...\">\n            <button>\n                <img src=\"https://cdn11.bigcommerce.com/s-mvcgh2itw2/images/stencil/original/image-manager/image-2022-10-18t11-37-37-602z.png?t=1666093090\"\n                alt=\"\">\n            </button> -->\n        <li class=\"navUser-item\">\n            <div class=\"navPages-quickSearch132\">\n                {{> components/common/quick-search name='nav-menu-quick-search'}}\n            </div>\n        </li>\n\n        <li class=\"navUser-item\">\n            <a class=\"navUser-action call\" href=\"tel:{{settings.phone_number}}\">\n                {{#if settings.phone_number}}\n                <img src=\"https://cdn11.bigcommerce.com/s-cp5icuf4rz/images/stencil/original/image-manager/headcall.png?t=1666090794&_gl=1*rbjkud*_ga*NjQyNzA0Mjc3LjE2NjU0NjA0NTE.*_ga_WS2VZYPC6G*MTY2NjA4NDA4NC4yNC4xLjE2NjYwODgxODMuNjAuMC4w\"\n                    alt=\"\" srcset=\"\" class=\"navUser-call-image\">{{settings.phone_number}}\n                {{/if}}\n            </a>\n        </li>\n\n        <!-- <li class=\"navUser-section call\">\n            <img src=\"https://cdn11.bigcommerce.com/s-mvcgh2itw2/images/stencil/original/image-manager/call.png?t=1666086987\"\n                alt=\"\">\n            <p><a href=\"tel:+1234567890\">123-456-7890</a></p>\n        </li> -->\n\n        <!-- <li class=\"navUser-section\">\n            <img\n            src=\"https://cdn11.bigcommerce.com/s-mvcgh2itw2/images/stencil/original/image-manager/account.png?t=1666090251\">\n            {{> components/common/currency-selector}}\n        </li> -->\n        <!-- <i class=\"fa-solid fa-car\"></i>\n            <i class=\"fa-thin fa-car\"></i>\n            <i class=\"fa-solid fa-cart-flatbed-suitcase\"></i> -->\n        <!-- {{#or customer (unless theme_settings.restrict_to_login)}} -->\n        <!-- {{/or}} -->\n\n        <!-- <li class=\"navUser-item\">\n            <button class=\"navUser-action navUser-action--quickSearch\" type=\"button\" id=\"quick-search-expand\"\n                data-search=\"quickSearch\" aria-controls=\"quickSearch\" aria-label=\"{{lang 'common.search'}}\">\n                {{lang 'common.search'}}\n            </button>\n        </li> -->\n        <!-- {{#if settings.gift_certificates_enabled}}\n        <li class=\"navUser-item\">\n            <a class=\"navUser-action\" href=\"{{urls.gift_certificate.purchase}}\"\n                aria-label=\"{{lang 'common.gift_cert'}}\">\n                {{lang 'common.gift_cert'}}\n            </a>\n        </li>\n        {{/if}} -->\n        <!-- KEVIN -->\n        <!-- <li class=\"navUser-item\">\n            <a class=\"navUser-action navUser-action--myaccount has-dropdown\" href=\"#\" data-dropdown=\"myaccount\"\n                aria-expanded=\"false\">\n                {{lang 'common.myaccount'}}\n                <i class=\"icon\" aria-hidden=\"true\">\n                    <svg>\n                        <use xlink:href=\"#icon-chevron-down\" />\n                    </svg>\n                </i>\n            </a>\n            <ul class=\"dropdown-menu\" id=\"myaccount\" data-dropdown-content aria-hidden=\"true\" tabindex=\"-1\">\n                <li class=\"dropdown-menu-item\">\n                    {{#if customer}}\n\n                    <a class=\"navUser-action\" href=\"{{urls.account.index}}\" aria-label=\"{{lang 'common.account'}}\">\n                        {{lang 'common.account'}}\n                    </a>\n                    <a class=\"navUser-action\" href=\"{{urls.auth.logout}}\" aria-label=\"{{lang 'common.logout'}}\">\n                        {{lang 'common.logout'}}\n                    </a>\n                    {{else}}\n                    <a class=\"navUser-action\" href=\"{{urls.auth.login}}\" aria-label=\"{{lang 'common.login'}}\">\n                        {{lang 'common.login'}}\n                    </a>\n                    {{#if settings.account_creation_enabled}}\n                    <a class=\"navUser-action\" href=\"{{urls.auth.create_account}}\"\n                        aria-label=\"{{lang 'common.sign_up'}}\">\n                        {{lang 'common.sign_up'}}\n                    </a>\n                    {{/if}}\n                    {{/if}}\n                </li>\n            </ul>\n        </li> -->\n\n        <li class=\"navUser-item navUser-item--myaccount\">\n            <a class=\"navUser-action navUser-action--myaccount has-dropdown\" href=\"#\" aria-expanded=\"false\"\n            data-dropdown=\"myaccount\">\n                <!-- <i class=\"fa-solid fa-user\"></i> -->\n                <img src=\"https://cdn11.bigcommerce.com/s-cp5icuf4rz/images/stencil/original/image-manager/headuser.png?t=1666153017&_gl=1*4ofrqt*_ga*NjQyNzA0Mjc3LjE2NjU0NjA0NTE.*_ga_WS2VZYPC6G*MTY2NjE3MjY2Mi4zMC4xLjE2NjYxNzI2NzEuNTEuMC4w\"\n                    alt=\"\" srcset=\"\" class=\"usericon\">{{lang 'common.myaccount'}}\n                <i class=\"icon\" aria-hidden=\"true\">\n                    <svg>\n                        <use xlink:href=\"#icon-chevron-down\" />\n                    </svg>\n                </i>\n            </a>\n            <ul class=\"dropdown-menu\" id=\"myaccount\" data-dropdown-content aria-hidden=\"true\" tabindex=\"-1\">\n                <li class=\"dropdown-menu-item\">\n                    <a>\n                        {{#if customer}}\n                        <a class=\"navUser-action\" href=\"{{urls.account.index}}\" aria-label=\"{{lang 'common.account'}}\">\n                            {{lang 'common.account'}}\n                        </a>\n                        <a class=\"navUser-action\" href=\"{{urls.auth.logout}}\" aria-label=\"{{lang 'common.logout'}}\">\n                            {{lang 'common.logout'}}\n                        </a>\n                        {{else}}\n                        <a class=\"navUser-action\" href=\"{{urls.auth.login}}\" aria-label=\"{{lang 'common.login'}}\">\n                            {{lang 'common.login'}}\n                        </a>\n                        {{#if settings.account_creation_enabled}}\n                        <!-- <span class=\"navUser-or\">{{lang 'common.or'}}</span> -->\n                        <a class=\"navUser-action\" href=\"{{urls.auth.create_account}}\"\n                            aria-label=\"{{lang 'common.sign_up'}}\">\n                            {{lang 'common.sign_up'}}\n                        </a>\n                        {{/if}}\n                        {{/if}}\n                    </a>\n                </li>\n\n            </ul>\n        </li>\n\n        <!-- <li class=\"navUser-item dropdown\">\n            <button class=\"dropbtn\">Dropdown</button>\n            <div class=\"dropdown-content\">\n                <a href=\"#\">Link 1</a>\n                <a href=\"#\">Link 2</a>\n                <a href=\"#\">Link 3</a>\n            </div>\n        </li> -->\n\n        <!-- <li class=\"newcart\">\n            <span class=\"countPill cart-quantity\"></span>\n        </li> -->\n        <li class=\" navUser-item navUser-item--cart\">\n            <a class=\"navUser-action\" data-cart-preview data-dropdown=\"cart-preview-dropdown\" data-options=\"align:right\"\n                href=\"{{urls.cart}}\" aria-label=\"{{lang 'cart.nav_aria_label'}}\">\n                <img src=\"https://cdn11.bigcommerce.com/s-mvcgh2itw2/images/stencil/original/image-manager/cart.png?t=1666093967\"\n                    alt=\"\">\n                <!-- <span class=\"navUser-item-cartLabel\">{{lang 'common.cart'}}</span> -->\n                <span class=\"countPill cart-quantity\"></span>\n            </a>\n\n            <div class=\"dropdown-menu\" id=\"cart-preview-dropdown\" data-dropdown-content aria-hidden=\"true\"></div>\n        </li>\n    </ul>\n    <div class=\"dropdown dropdown--quickSearch\" id=\"quickSearch\" aria-hidden=\"true\" data-prevent-quick-search-close>\n        {{> components/common/quick-search name='nav-quick-search'}}\n    </div>\n</nav>",
  "components/common/store-logo": "<a href=\"{{urls.home}}\" class=\"header-logo__link\" data-header-logo-link>\n    <!-- <img style=\"width: 50%;\"\n        src=\"https://cdn11.bigcommerce.com/s-mvcgh2itw2/images/stencil/original/image-manager/cybermonday.gif?t=1665658447\"\n        alt=\"\"> -->\n    {{#if settings.store_logo.image}}\n    {{#if theme_settings.logo_size '===' 'original'}}\n    <img class=\"header-logo-image-unknown-size\" src=\"{{getImage settings.store_logo.image 'logo_size'}}\"\n        alt=\"{{settings.store_logo.title}}\" title=\"{{settings.store_logo.title}}\">\n    {{else}}\n    <div class=\"header-logo-image-container\">\n        <img class=\"header-logo-image\" src=\"{{getImage settings.store_logo.image 'logo_size'}}\"\n            srcset=\"{{getImageSrcset1x2x settings.store_logo.image theme_settings.logo_size}}\"\n            alt=\"{{settings.store_logo.title}}\" title=\"{{settings.store_logo.title}}\">\n    </div>\n    {{/if}}\n    {{else}}\n    <span class=\"header-logo-text\">{{settings.store_logo.title}}</span>\n    {{/if}}\n</a>",
  "components/common/modal/modal": "<div id=\"modal\" class=\"modal\" data-reveal data-prevent-quick-search-close>\n    {{> components/common/modal/modal-close-btn}}\n    <div class=\"modal-content\"></div>\n    <div class=\"loadingOverlay\"></div>\n</div>\n",
  "components/common/navigation-menu": "<nav class=\"navPages\">\n    <div class=\"navPages-quickSearch\">\n        {{> components/common/quick-search name='nav-menu-quick-search'}}\n    </div>\n    <ul class=\"navPages-list{{#if theme_settings.navigation_design '!==' 'simple'}} navPages-list-depth-max{{/if}}\">\n        {{#each categories}}\n            <li class=\"navPages-item\">\n            {{#if ../theme_settings.navigation_design '===' 'simple'}}\n                {{> components/common/navigation-list}}\n            {{/if}}\n            {{#if ../theme_settings.navigation_design '===' 'alternate'}}\n                {{> components/common/navigation-list-alternate}}\n            {{/if}}\n            </li>\n        {{/each}}\n        {{#unless theme_settings.hide_content_navigation}}\n            {{#each pages}}\n                 <li class=\"navPages-item navPages-item-page\">\n                     <a class=\"navPages-action{{#if name '==' ../page.title}} activePage{{/if}}\"\n                        href=\"{{url}}\"\n                        aria-label=\"{{name}}\"\n                     >\n                         {{name}}\n                     </a>\n                 </li>\n             {{/each}}\n        {{/unless}}\n    </ul>\n    <ul class=\"navPages-list navPages-list--user\">\n        {{#if currency_selector.currencies.length '>' 1}}\n            <li class=\"navPages-item\">\n                <a class=\"navPages-action has-subMenu\"\n                   href=\"#\"\n                   data-collapsible=\"navPages-currency\"\n                   aria-controls=\"navPages-currency\"\n                   aria-expanded=\"false\"\n                   aria-label=\"{{lang 'common.currency' code=currency_selector.active_currency_code}}\"\n                >\n                    {{lang 'common.currency' code=currency_selector.active_currency_code}}\n                    <i class=\"icon navPages-action-moreIcon\" aria-hidden=\"true\">\n                        <svg>\n                            <use xmlns:xlink=\"http://www.w3.org/1999/xlink\" xlink:href=\"#icon-chevron-down\"></use>\n                        </svg>\n                    </i>\n                </a>\n                <div class=\"navPage-subMenu\" id=\"navPages-currency\" aria-hidden=\"true\" tabindex=\"-1\">\n                    <ul class=\"navPage-subMenu-list\">\n                        {{#each currency_selector.currencies}}\n                        <li class=\"navPage-subMenu-item\">\n                            <a class=\"navPage-subMenu-action navPages-action\"\n                               href=\"{{{switch_url}}}\"\n                               aria-label=\"{{name}}\"\n                               data-currency-code=\"{{{code}}}\"\n                               {{#if cart_currency_switch_url.length '>' 0 }}\n                               data-cart-currency-switch-url=\"{{{cart_currency_switch_url}}}\"\n                               {{/if}}\n                               data-warning=\"{{lang 'common.currency_switch_promotion'}}\"\n                            >\n                                {{#if is_active}}\n                                    <strong>{{name}}</strong>\n                                {{else}}\n                                    {{name}}\n                                {{/if}}\n                            </a>\n                        </li>\n                        {{/each}}\n                    </ul>\n                </div>\n            </li>\n        {{/if}}\n        {{#if settings.gift_certificates_enabled}}\n            <li class=\"navPages-item\">\n                <a class=\"navPages-action\"\n                   href=\"{{urls.gift_certificate.purchase}}\"\n                   aria-label=\"{{lang 'common.gift_cert'}}\"\n                >\n                    {{lang 'common.gift_cert'}}\n                </a>\n            </li>\n        {{/if}}\n        {{#if customer.store_credit.value '>' 0}}\n            <li class=\"navPages-item\">\n                <a class=\"navPages-action navPages-action--storeCredit\">\n                    {{lang 'common.store_credit_overview' credit=customer.store_credit.formatted}}\n                </a>\n            </li>\n        {{/if}}\n        {{#if theme_settings.product_list_display_mode '==' 'list'}}\n            <li class=\"navPages-item\">\n                <a class=\"navPages-action navPages-action--compare\"\n                   href=\"{{urls.compare}}\"\n                   data-compare-nav\n                   aria-label=\"{{lang 'common.compare'}}\"\n                >\n                    {{lang 'common.compare'}}\n                    <span class=\"countPill countPill--positive countPill--alt\"></span>\n                </a>\n            </li>\n        {{/if}}\n        {{#if customer}}\n            <li class=\"navPages-item\">\n                <a class=\"navPages-action has-subMenu\"\n                   href=\"{{urls.account.index}}\"\n                   data-collapsible=\"navPages-account\"\n                   aria-label=\"{{lang 'common.account'}}\"\n                >\n                    {{lang 'common.account'}}\n                    <i class=\"icon navPages-action-moreIcon\" aria-hidden=\"true\">\n                        <svg><use xlink:href=\"#icon-chevron-down\" /></svg>\n                    </i>\n                </a>\n                <div class=\"navPage-subMenu\" id=\"navPages-account\" aria-hidden=\"true\" tabindex=\"-1\">\n                    <ul class=\"navPage-subMenu-list\">\n                        <li class=\"navPage-subMenu-item\">\n                            <a class=\"navPage-subMenu-action navPages-action\"\n                               href=\"{{urls.account.orders.all}}\"\n                               aria-label=\"{{lang 'account.nav.orders'}}\"\n                            >\n                                {{lang 'account.nav.orders'}}\n                            </a>\n                        </li>\n                        {{#if settings.returns_enabled}}\n                            <li class=\"navPage-subMenu-item\">\n                                <a class=\"navPage-subMenu-action navPages-action\"\n                                   href=\"{{urls.account.returns}}\"\n                                   aria-label=\"{{lang 'account.nav.returns'}}\"\n                                >\n                                    {{lang 'account.nav.returns'}}\n                                </a>\n                            </li>\n                        {{/if}}\n                        <li class=\"navPage-subMenu-item\">\n                            <a class=\"navPage-subMenu-action navPages-action\"\n                               href=\"{{urls.account.inbox}}\"\n                               aria-label=\"{{lang 'account.mobile_nav.messages'}}\"\n                            >\n                                {{lang 'account.mobile_nav.messages'}}\n                            </a>\n                        </li>\n                        <li class=\"navPage-subMenu-item\">\n                            <a class=\"navPage-subMenu-action navPages-action\"\n                               href=\"{{urls.account.addresses}}\"\n                               aria-label=\"{{lang 'account.nav.addresses'}}\"\n                            >\n                                {{lang 'account.nav.addresses'}}\n                            </a>\n                        </li>\n                        {{#if settings.show_payment_methods}}\n                            <li class=\"navPage-subMenu-item\">\n                                <a class=\"navPage-subMenu-action navPages-action\"\n                                   href=\"{{urls.account.payment_methods.all}}\"\n                                   aria-label=\"{{lang 'account.nav.payment_methods'}}\"\n                                >\n                                    {{lang 'account.nav.payment_methods'}}\n                                </a>\n                            </li>\n                        {{/if}}\n                        <li class=\"navPage-subMenu-item\">\n                            <a class=\"navPage-subMenu-action navPages-action\"\n                               href=\"{{urls.account.wishlists.all}}\"\n                               aria-label=\"{{lang 'account.mobile_nav.wishlists'}}\"\n                            >\n                                {{lang 'account.mobile_nav.wishlists'}}\n                            </a>\n                        </li>\n                        <li class=\"navPage-subMenu-item\">\n                            <a class=\"navPage-subMenu-action navPages-action\"\n                               href=\"{{urls.account.recent_items}}\"\n                               aria-label=\"{{lang 'account.nav.recently_viewed'}}\"\n                            >\n                                {{lang 'account.nav.recently_viewed'}}\n                            </a>\n                        </li>\n                        <li class=\"navPage-subMenu-item\">\n                            <a class=\"navPage-subMenu-action navPages-action\"\n                               href=\"{{urls.account.details}}\"\n                               aria-label=\"{{lang 'account.nav.settings'}}\"\n                            >\n                                {{lang 'account.nav.settings'}}\n                            </a>\n                        </li>\n                    </ul>\n                </div>\n            </li>\n            <li class=\"navPages-item\">\n                <a class=\"navPages-action\"\n                   href=\"{{urls.auth.logout}}\"\n                   aria-label=\"{{lang 'common.logout'}}\"\n                >\n                    {{lang 'common.logout'}}\n                </a>\n            </li>\n        {{else}}\n            <li class=\"navPages-item\">\n                <a class=\"navPages-action\"\n                   href=\"{{urls.auth.login}}\"\n                   aria-label=\"{{lang 'common.login'}}\"\n                >\n                    {{lang 'common.login'}}\n                </a>\n                {{#if settings.account_creation_enabled}}\n                    {{lang 'common.or'}}\n                    <a class=\"navPages-action\"\n                       href=\"{{urls.auth.create_account}}\"\n                       aria-label=\"{{lang 'common.sign_up'}}\"\n                    >\n                        {{lang 'common.sign_up'}}\n                    </a>\n                {{/if}}\n            </li>\n        {{/if}}\n        {{#if theme_settings.social_icon_placement_top}}\n            <li class=\"navPages-item\">\n                {{> components/common/social-links}}\n            </li>\n        {{/if}}\n    </ul>\n</nav>\n",
  "components/common/alert/alert-modal": "<div id=\"alert-modal\" class=\"modal modal--alert modal--small\" data-reveal data-prevent-quick-search-close>\n    <div class=\"alert-icon error-icon\">\n        <span class=\"icon-content\">\n            <span class=\"line line-left\"></span>\n            <span class=\"line line-right\"></span>\n        </span>\n    </div>\n\n    <div class=\"alert-icon warning-icon\">\n        <div class=\"icon-content\">!</div>\n    </div>\n\n    <div class=\"modal-content\"></div>\n\n    <div class=\"button-container\">\n        <button type=\"button\" class=\"confirm button\" data-reveal-close>{{lang 'common.ok'}}</button>\n        <button type=\"button\" class=\"cancel button\" data-reveal-close>{{lang 'common.cancel'}}</button>\n    </div>\n</div>\n",
  "components/common/social-links": "{{#if social_media}}\n    <ul class=\"socialLinks socialLinks--alt\">\n        {{#each social_media}}\n            <li class=\"socialLinks-item\">\n                <a class=\"icon icon--{{display_name}}\"\n                   href=\"{{url}}\"\n                   target=\"_blank\"\n                   rel=\"noopener\"\n                   title=\"{{{capitalize display_name}}}\"\n                >\n                    <span class=\"aria-description--hidden\">{{{capitalize display_name}}}</span>\n                    <svg>\n                        <use xlink:href=\"#icon-{{display_name}}\"/>\n                    </svg>\n                </a>\n            </li>\n        {{/each}}\n    </ul>\n{{/if}}\n",
  "components/common/subscription-form": "<h3 class=\"footer-info-heading\">{{lang 'newsletter.subscribe'}}</h3>\n<p>{{lang 'newsletter.subscribe_intro'}}</p>\n\n<form class=\"form\" action=\"{{urls.subscribe.action}}\" method=\"post\">\n    <fieldset class=\"form-fieldset\">\n        <input type=\"hidden\" name=\"action\" value=\"subscribe\">\n        <input type=\"hidden\" name=\"nl_first_name\" value=\"bc\">\n        <input type=\"hidden\" name=\"check\" value=\"1\">\n        <div class=\"form-field\">\n            <label class=\"form-label is-srOnly\" for=\"nl_email\">{{lang 'common.email_address'}}</label>\n            <div class=\"form-prefixPostfix wrap\">\n                <input class=\"form-input\"\n                       id=\"nl_email\"\n                       name=\"nl_email\"\n                       type=\"email\"\n                       value=\"{{customer.email}}\"\n                       placeholder=\"{{lang 'newsletter.email_placeholder'}}\"\n                       aria-describedby=\"alertBox-message-text\"\n                       aria-required=\"true\"\n                       required\n                >\n                <input class=\"button button--primary form-prefixPostfix-button--postfix\"\n                       type=\"submit\"\n                       value=\"{{lang 'newsletter.subscribe_submit'}}\"\n                >\n            </div>\n            {{#if settings.show_newsletter_summary }}\n                <div class=\"footer-newsletter-summary\">{{settings.newsletter_summary}}</div>\n            {{/if}}\n        </div>\n    </fieldset>\n</form>\n",
  "components/common/payment-icons": "{{#with theme_settings}}\n    {{#or show_accept_amex show_accept_discover show_accept_mastercard show_accept_paypal show_accept_visa show_accept_amazonpay show_accept_googlepay show_accept_klarna}}\n    <div class=\"footer-payment-icons\">\n        {{#if show_accept_amex}}\n        <svg class=\"footer-payment-icon\"><use xlink:href=\"#icon-logo-american-express\"></use></svg>\n        {{/if}}\n        {{#if show_accept_discover}}\n        <svg class=\"footer-payment-icon\"><use xlink:href=\"#icon-logo-discover\"></use></svg>\n        {{/if}}\n        {{#if show_accept_mastercard}}\n        <svg class=\"footer-payment-icon\"><use xlink:href=\"#icon-logo-mastercard\"></use></svg>\n        {{/if}}\n        {{#if show_accept_paypal}}\n        <svg class=\"footer-payment-icon\"><use xlink:href=\"#icon-logo-paypal\"></use></svg>\n        {{/if}}\n        {{#if show_accept_visa}}\n        <svg class=\"footer-payment-icon\"><use xlink:href=\"#icon-logo-visa\"></use></svg>\n        {{/if}}\n        {{#if show_accept_amazonpay}}\n        <svg class=\"footer-payment-icon\"><use xlink:href=\"#icon-logo-amazonpay\"></use></svg>\n        {{/if}}\n        {{#if show_accept_googlepay}}\n        <svg class=\"footer-payment-icon\"><use xlink:href=\"#icon-logo-googlepay\"></use></svg>\n        {{/if}}\n        {{#if show_accept_klarna}}\n        <svg class=\"footer-payment-icon\"><use xlink:href=\"#icon-logo-klarna\"></use></svg>\n        {{/if}}\n    </div>\n    {{/or}}\n{{/with}}\n",
  "components/common/currency-selector": "{{#if currency_selector.currencies.length '>' 1}}\n<ul class=\"navUser-section\">\n    <li class=\"navUser-item\">\n        <a class=\"navUser-action navUser-action--currencySelector has-dropdown\"\n           href=\"#\"\n           data-dropdown=\"currencySelection\"\n           aria-controls=\"currencySelection\"\n           aria-expanded=\"false\"\n        >\n            {{lang 'common.currency' code=currency_selector.active_currency_code}}\n            <i class=\"icon\" aria-hidden=\"true\">\n                <svg>\n                    <use xlink:href=\"#icon-chevron-down\" />\n                </svg>\n            </i>\n        </a>\n        <ul class=\"dropdown-menu\" id=\"currencySelection\" data-dropdown-content aria-hidden=\"true\" tabindex=\"-1\">\n            {{#each currency_selector.currencies}}\n            <li class=\"dropdown-menu-item\">\n                <a href=\"{{{switch_url}}}\"\n                   data-currency-code=\"{{{code}}}\"\n                   {{#if cart_currency_switch_url.length '>' 0 }}\n                   data-cart-currency-switch-url=\"{{{cart_currency_switch_url}}}\"\n                   {{/if}}\n                   data-warning=\"{{lang 'common.currency_switch_promotion'}}\"\n                >\n                {{#if is_active}}\n                    <strong>{{name}}</strong>\n                {{else}}\n                    {{name}}\n                {{/if}}\n                </a>\n            </li>\n            {{/each}}\n        </ul>\n    </li>\n</ul>\n{{/if}}",
  "components/common/modal/modal-close-btn": "<button class=\"modal-close\"\n        type=\"button\"\n        title=\"{{lang 'common.close'}}\"\n        {{additional_attr}}\n>\n    <span class=\"aria-description--hidden\">{{lang 'common.close'}}</span>\n    <span aria-hidden=\"true\">&#215;</span>\n</button>\n",
  "components/common/quick-search": "<div class=\"container1\">\n    <form class=\"form\" onsubmit=\"return false\" data-url=\"{{urls.search}}\" data-quick-search-form>\n        <fieldset class=\"form-fieldset\">\n            <div class=\"form-field\">\n                <label class=\"is-srOnly\" for=\"{{name}}\">{{lang \"search.quick_search.input_label\"}}</label>\n                <input class=\"form-input\"\n                       data-search-quic\n                       name=\"{{name}}\"\n                       id=\"{{name}}\"\n                       data-error-message=\"{{lang 'search.error.empty_field'}}\"\n                       placeholder=\"{{lang 'search.quick_search.input_placeholder'}}\"\n                       autocomplete=\"off\"\n                >\n            </div>\n        </fieldset>\n    </form>\n    <section class=\"quickSearchResults\" data-bind=\"html: results\"></section>\n    <p role=\"status\"\n       aria-live=\"polite\"\n       class=\"aria-description--hidden\"\n       data-search-aria-message-predefined-text=\"{{{lang 'search.results.quick_count_live'}}}\"\n    ></p>\n</div>\n",
  "components/common/navigation-list": "{{#if children}}\n<a class=\"navPages-action has-subMenu{{#if is_active}} activePage{{/if}}\"\n   href=\"{{url}}\"\n   data-collapsible=\"navPages-{{id}}\"\n>\n    {{name}}\n    <i class=\"icon navPages-action-moreIcon\" aria-hidden=\"true\">\n        <svg><use xlink:href=\"#icon-chevron-down\" /></svg>\n    </i>\n</a>\n<div class=\"navPage-subMenu\" id=\"navPages-{{id}}\" aria-hidden=\"true\" tabindex=\"-1\">\n    <ul class=\"navPage-subMenu-list\">\n        <li class=\"navPage-subMenu-item\">\n            <a class=\"navPage-subMenu-action navPages-action\"\n               href=\"{{url}}\"\n               aria-label=\"{{lang 'category.view_all.name' category=name}}\"\n            >\n                {{lang 'category.view_all.name' category=name}}\n            </a>\n        </li>\n        {{#each children}}\n            <li class=\"navPage-subMenu-item\">\n                {{#if children}}\n                    <a class=\"navPage-subMenu-action navPages-action has-subMenu{{#if is_active}} activePage{{/if}}\"\n                       href=\"{{url}}\"\n                       aria-label=\"{{name}}\"\n                    >\n                        {{name}}\n                        <span class=\"collapsible-icon-wrapper\"\n                            data-collapsible=\"navPages-{{id}}\"\n                            data-collapsible-disabled-breakpoint=\"medium\"\n                            data-collapsible-disabled-state=\"open\"\n                            data-collapsible-enabled-state=\"closed\"\n                        >\n                            <i class=\"icon navPages-action-moreIcon\" aria-hidden=\"true\">\n                                <svg><use xlink:href=\"#icon-chevron-down\" /></svg>\n                            </i>\n                        </span>\n                    </a>\n                    <ul class=\"navPage-childList\" id=\"navPages-{{id}}\">\n                        {{#each children}}\n                        <li class=\"navPage-childList-item\">\n                            <a class=\"navPage-childList-action navPages-action{{#if is_active}} activePage{{/if}}\"\n                               href=\"{{url}}\"\n                               aria-label=\"{{name}}\"\n                            >\n                                {{name}}\n                            </a>\n                        </li>\n                        {{/each}}\n                    </ul>\n                {{else}}\n                    <a class=\"navPage-subMenu-action navPages-action{{#if is_active}} activePage{{/if}}\"\n                       href=\"{{url}}\"\n                       aria-label=\"{{name}}\"\n                    >\n                        {{name}}\n                    </a>\n                {{/if}}\n            </li>\n        {{/each}}\n    </ul>\n</div>\n{{else}}\n<a class=\"navPages-action{{#if is_active}} activePage{{/if}}\"\n   href=\"{{url}}\"\n   aria-label=\"{{name}}\"\n>\n    {{name}}\n</a>\n{{/if}}\n",
  "components/common/navigation-list-alternate": "{{#if children}}\n    <a class=\"navPages-action navPages-action-depth-max has-subMenu is-root{{#if is_active}} activePage{{/if}}\"\n       href=\"{{url}}\"\n       data-collapsible=\"navPages-{{id}}\"\n       aria-label=\"{{name}}\"\n    >\n        {{name}}\n        <i class=\"icon navPages-action-moreIcon\" aria-hidden=\"true\">\n            <svg><use xlink:href=\"#icon-chevron-down\" /></svg>\n        </i>\n    </a>\n    {{> components/common/navigation-dropdown}}\n{{else}}\n    <a class=\"navPages-action{{#if is_active}} activePage{{/if}}\"\n       href=\"{{url}}\"\n       aria-label=\"{{name}}\"\n    >\n        {{name}}\n    </a>\n{{/if}}\n",
  "components/common/navigation-dropdown": "<div class=\"navPage-subMenu navPage-subMenu-horizontal\" id=\"navPages-{{id}}\" aria-hidden=\"true\" tabindex=\"-1\">\n    <ul class=\"navPage-subMenu-list\">\n        <li class=\"navPage-subMenu-item-parent\">\n            <a class=\"navPage-subMenu-action navPages-action navPages-action-depth-max\" href=\"{{url}}\">{{lang 'category.view_all.name' category=name}}</a>\n        </li>\n        {{#each children}}\n            <li class=\"navPage-subMenu-item-child\">\n                {{#if children}}\n                    <a class=\"navPage-subMenu-action navPages-action navPages-action-depth-max has-subMenu{{#if is_active}} activePage{{/if}}\" href=\"{{url}}\" data-collapsible=\"navPages-{{id}}\">\n                        {{name}}<i class=\"icon navPages-action-moreIcon\" aria-hidden=\"true\"><svg><use xlink:href=\"#icon-chevron-down\" /></svg></i>\n                    </a>\n                    {{> components/common/navigation-dropdown}}\n                {{else}}\n                    <a class=\"navPage-subMenu-action navPages-action{{#if is_active}} activePage{{/if}}\" href=\"{{url}}\">{{name}}</a>\n                {{/if}}\n            </li>\n        {{/each}}\n    </ul>\n</div>\n"
}